{"slope": -5.769847205898065, "offset": 15.586334010043807}