{"slope": -5.91060214259328, "offset": 15.81217419857982}