{"slope": -5.905188911367489, "offset": 15.732708185247963}