{"slope": -5.69981000633312, "offset": 15.672854654844835}